viagraopharmacy.com,104.21.93.140
relax-job.com,13.230.54.173
aol.com,212.82.100.150
tehrangaming.com,5.63.10.9
meteo60.fr,178.32.115.11
arcgis.com,18.234.22.45
fastly.net,151.101.1.6
cnzz.com,203.119.169.207
trustpilot.com,54.154.170.77
beacons.page,104.26.6.233
blogger.com,142.250.66.233
maximobistrot.com.mx,198.185.159.144
royalgorgeroute.com,138.197.72.145
statista.com,18.196.147.219
shiruini.com,101.0.113.94
hydroxyhloroquine.com,172.67.164.228
aaplimg.com,17.142.160.39
babytree.com,60.205.255.187
adspaymedia.com,162.241.123.128
aaplimg.com,17.178.96.39
azure.com,20.37.196.198
amazon.co.jp,52.119.164.121
albertonne.com,165.227.13.98
google.com.tr,142.250.71.67
bandcamp.com,151.101.129.28
pornhub.com,66.254.114.41
t.me,149.154.167.99
confidentity.us,208.91.197.25
fbcdn.net,157.240.8.35
sharepoint.com,13.107.9.168
litemf.com,172.67.74.228
telegraph.co.uk,99.86.38.17
customsdutyfree.com,54.252.169.143
yahoo.com,74.6.231.21
telegraph.co.uk,99.86.38.59
zalzaltalk.com,220.87.39.97
egzp.de,94.102.210.88
usps.com,56.0.134.100
anhqv.es,104.21.91.16
reactflow.com,104.21.85.158
truworths.biz,208.91.197.24
everyday-loans.co.uk,104.18.6.205
imdb.com,52.94.237.74
palmbeachip.com,208.91.197.25
jewishlinknj.com,172.67.69.206
netflix.net,100.82.106.206
ampproject.org,142.250.204.14
thesundaily.com,172.67.134.115
marketwatch.com,99.86.142.41
showaboutrace.com,198.185.159.145
click-to-buy.us,216.239.34.21
wilabonn.de,217.160.0.35
cpanel.net,208.74.123.84
pairshorseschem.com,161.8.142.14
cci-dialog.com,217.160.0.254
odesa.name,185.124.10.179
ulyfe.com,77.39.209.219
beqom.com,216.146.46.10
techbout.com,104.25.71.7
nsvrc.org,23.185.0.3
amcrestview.com,34.227.6.54
testesonline.com.br,187.108.195.207
force.com,23.1.106.133
t.co,104.244.42.69
execo.su,195.24.68.25
bit9.com,54.85.227.142
opera.com,185.26.182.104
yahoo.com,74.6.143.26
om.nl,178.22.85.191
ted.com,34.199.172.226
earthadvantage.org,108.175.11.218
freegogpcgames.com,104.21.10.147
btmc.org.np,23.88.59.198
yale.edu,151.101.194.133
line.me,203.104.138.138
bit.ly,67.199.248.10
my3sk.com,104.21.86.32
ovice.in,13.226.107.109
pt-pedia.com,216.239.38.21
ntp.org,204.93.207.22
vk.com,87.240.190.78
bitly.com,67.199.248.15
bing.com,204.79.197.200
vimeo.com,151.101.0.217
yahoo.com,98.137.11.163
salesforce.com,184.25.179.132
tmall.com,140.205.94.193
firstaidproadelaide.com.au,162.159.135.42
hyperauto.ru,84.201.144.160
mtmediacenter.com,103.97.124.79
aufstehen-gegen-rassismus.de,46.4.89.55
patreon.com,104.16.7.49
nationalmediamuseum.org.uk,52.138.142.111
qpdownload.com,172.67.195.72
asaas.com,52.67.221.45
windows.net,40.112.72.205
cpanel.net,208.74.121.151
rmuti.ac.th,203.158.192.6
360.cn,36.99.170.84
9v58v.com,194.187.99.214
fitauto.ru,176.99.11.185
huffingtonpost.com,99.86.142.41
fabelio.com,52.84.228.97
thefoodbuster.com,192.185.35.65
pbs.org,54.225.198.196
avadirect.com,74.143.5.195
katflys.com,104.21.45.45
udemy.com,104.16.65.85
creativecommons.org,104.20.151.16
digikala.com,185.188.104.10
medium.com,162.159.152.4
businessinsider.com,151.101.129.171
sohu.com,211.159.191.77
skype.com,40.115.34.155
google.ru,142.250.66.163
longlivethelocal.pub,104.21.76.198
pcyc.org.au,104.21.62.178
1688.com,140.205.174.2
yurivish.com,74.208.236.11
cnzz.com,203.119.169.82
discord.com,162.159.138.232
cnzz.com,203.119.169.41
ft.com,151.101.2.209
leadscon.com,23.185.0.2
hathitrust.org,141.213.128.184
adidasoutlet.com.co,185.94.97.150
cnet.com,34.95.96.50
ekebergparken.com,77.66.88.226
wsj.com,99.86.142.71
letstarpit.com,192.185.182.138
gostedu.ru,5.101.116.103
tiktok.com,103.136.220.180
hachettebookgroup.biz,206.34.121.245
theaviary.com,198.185.159.145
naver.com,223.130.195.95
decorex.com,172.67.68.252
behance.net,151.101.129.197
iasj.net,176.222.236.230
geographyas.info,104.21.62.104
qq.com,183.3.226.35
lencr.org,54.206.231.79
aswpsdkeu.com,35.244.192.103
force.com,104.109.11.129
aa01.net,172.67.202.139
scorecardresearch.com,165.193.78.252
donerewards.cc,208.91.197.23
hbr.org,99.86.142.2
wsj.com,99.86.142.52
nigeriainfo.fm,34.250.153.99
netai.net,107.22.57.98
stackoverflow.com,151.101.193.69
linktr.ee,151.101.194.133
target.com,151.101.130.187
amazon.de,52.95.120.34
zendesk.com,54.172.126.223
plyrics.com,212.7.211.104
cnzz.com,203.119.169.238
esm3.com,104.21.233.145
oup.com,75.2.119.185
amazon.com,54.239.28.85
stumbleupon.com,99.86.142.2
historydaily.org,13.226.107.106
readytosinglesmeet.com,13.238.73.222
marketwatch.com,99.86.142.121
postlets.com,3.230.184.115
vk.com,87.240.190.67
arcgis.com,52.23.2.231
researchgate.net,104.17.33.105
didatuan.com,23.225.190.84
speedtest.net,151.101.66.219
urbanthreads.com,45.223.156.8
pzimff.com,13.251.6.185
filesenzu.com,172.67.72.239
wikihow.com,151.101.130.137
gamesblog.it,172.67.153.25
taoism.net,150.230.37.149
bbc.com,151.101.128.81
nflximg.com,207.45.72.215
google-analytics.com,142.250.66.164
tribe-m.jp,18.178.226.88
khn.org,192.0.66.80
armssoftware.com,185.199.108.153
yes206.com,107.180.49.252
bektv.tv,209.99.64.71
idnotify.com,35.161.124.106
parallella.org,162.144.150.251
artstribune.com,104.26.6.43
anibar.net,87.236.210.56
twitch.tv,151.101.194.167
twitch.tv,151.101.130.167
123movies.sc,172.67.132.179
swnews4u.com,99.86.38.57
mlsend2.com,172.67.2.230
haosou.com,101.198.192.46
inloco.com.br,104.26.15.203
dupageforest.org,205.178.189.129
bandcamp.com,151.101.193.28
ddu.ac.in,199.38.86.97
l-wine.ru,194.242.121.183
myasiantv.cc,104.26.8.125
thenewestdvdmovie.com,108.186.243.41
happ.be,104.21.59.180
vk.com,87.240.139.194
bidswitch.net,185.217.41.108
fastbusinessforum.com,99.86.38.33
coasttocoastam.com,52.86.47.47
salesforce.com,23.1.99.130
gravatar.com,192.0.80.242
amazon.ca,54.239.19.238
alltraxx.com,166.62.107.20
velou.com,75.2.70.75
clovernet.ne.jp,202.179.32.2
virtasktic.com,104.236.98.200
bonanzagolfcourse.com,107.180.234.95
stanford.edu,171.67.215.200
squarespace.com,198.185.159.177
zzyjs.com,121.32.228.35
amzn.to,67.199.248.13
academysabz.com,185.73.226.69
github.com,13.236.229.21
bandcamp.com,151.101.65.28
aceshowbiz.com,104.26.5.93
yahoo.co.jp,182.22.28.252
google.com.mx,142.250.204.3
netflix.com,44.240.158.19
jtb-entertainment-academy.com,183.181.98.106
